ITTER107,Territory,Sex,Age,Citizenship,Value
ITC1,Piemonte,M,TOTAL,ITL,4218
ITC1,Piemonte,F,TOTAL,ITL,1496
ITC1,Piemonte,T,TOTAL,ITL,5714
ITC2,Valle d'Aosta / Vallée d'Aoste,M,TOTAL,ITL,41
ITC2,Valle d'Aosta / Vallée d'Aoste,F,TOTAL,ITL,17
ITC2,Valle d'Aosta / Vallée d'Aoste,T,TOTAL,ITL,58
ITC3,Liguria,M,TOTAL,ITL,1994
ITC3,Liguria,F,TOTAL,ITL,888
ITC3,Liguria,T,TOTAL,ITL,2882
ITC4,Lombardia,M,TOTAL,ITL,6104
ITC4,Lombardia,F,TOTAL,ITL,3642
ITC4,Lombardia,T,TOTAL,ITL,9746
ITDA,Trentino Alto Adige / Südtirol,M,TOTAL,ITL,261
ITDA,Trentino Alto Adige / Südtirol,F,TOTAL,ITL,96
ITDA,Trentino Alto Adige / Südtirol,T,TOTAL,ITL,357
ITD3,Veneto,M,TOTAL,ITL,2177
ITD3,Veneto,F,TOTAL,ITL,997
ITD3,Veneto,T,TOTAL,ITL,3174
ITD4,Friuli-Venezia Giulia,M,TOTAL,ITL,577
ITD4,Friuli-Venezia Giulia,F,TOTAL,ITL,220
ITD4,Friuli-Venezia Giulia,T,TOTAL,ITL,797
ITD5,Emilia-Romagna,M,TOTAL,ITL,2318
ITD5,Emilia-Romagna,F,TOTAL,ITL,1019
ITD5,Emilia-Romagna,T,TOTAL,ITL,3337
ITE1,Toscana,M,TOTAL,ITL,2093
ITE1,Toscana,F,TOTAL,ITL,892
ITE1,Toscana,T,TOTAL,ITL,2985
ITE2,Umbria,M,TOTAL,ITL,247
ITE2,Umbria,F,TOTAL,ITL,131
ITE2,Umbria,T,TOTAL,ITL,378
ITE3,Marche,M,TOTAL,ITL,560
ITE3,Marche,F,TOTAL,ITL,321
ITE3,Marche,T,TOTAL,ITL,881
ITE4,Lazio,M,TOTAL,ITL,6976
ITE4,Lazio,F,TOTAL,ITL,3649
ITE4,Lazio,T,TOTAL,ITL,10625
ITF1,Abruzzo,M,TOTAL,ITL,353
ITF1,Abruzzo,F,TOTAL,ITL,146
ITF1,Abruzzo,T,TOTAL,ITL,499
ITF2,Molise,M,TOTAL,ITL,65
ITF2,Molise,F,TOTAL,ITL,13
ITF2,Molise,T,TOTAL,ITL,78
ITF3,Campania,M,TOTAL,ITL,3720
ITF3,Campania,F,TOTAL,ITL,3434
ITF3,Campania,T,TOTAL,ITL,7154
ITF4,Puglia,M,TOTAL,ITL,2954
ITF4,Puglia,F,TOTAL,ITL,1607
ITF4,Puglia,T,TOTAL,ITL,4561
ITF5,Basilicata,M,TOTAL,ITL,55
ITF5,Basilicata,F,TOTAL,ITL,35
ITF5,Basilicata,T,TOTAL,ITL,90
ITF6,Calabria,M,TOTAL,ITL,464
ITF6,Calabria,F,TOTAL,ITL,240
ITF6,Calabria,T,TOTAL,ITL,704
ITG1,Sicilia,M,TOTAL,ITL,2009
ITG1,Sicilia,F,TOTAL,ITL,1142
ITG1,Sicilia,T,TOTAL,ITL,3151
ITG2,Sardegna,M,TOTAL,ITL,1945
ITG2,Sardegna,F,TOTAL,ITL,757
ITG2,Sardegna,T,TOTAL,ITL,2702
ITC1,Piemonte,M,TOTAL,FRGAPO,2391
ITC1,Piemonte,F,TOTAL,FRGAPO,661
ITC1,Piemonte,T,TOTAL,FRGAPO,3052
ITC2,Valle d'Aosta / Vallée d'Aoste,M,TOTAL,FRGAPO,13
ITC2,Valle d'Aosta / Vallée d'Aoste,F,TOTAL,FRGAPO,2
ITC2,Valle d'Aosta / Vallée d'Aoste,T,TOTAL,FRGAPO,15
ITC3,Liguria,M,TOTAL,FRGAPO,1010
ITC3,Liguria,F,TOTAL,FRGAPO,401
ITC3,Liguria,T,TOTAL,FRGAPO,1411
ITC4,Lombardia,M,TOTAL,FRGAPO,4414
ITC4,Lombardia,F,TOTAL,FRGAPO,2186
ITC4,Lombardia,T,TOTAL,FRGAPO,6600
ITDA,Trentino Alto Adige / Südtirol,M,TOTAL,FRGAPO,217
ITDA,Trentino Alto Adige / Südtirol,F,TOTAL,FRGAPO,38
ITDA,Trentino Alto Adige / Südtirol,T,TOTAL,FRGAPO,255
ITD1,Provincia Autonoma Bolzano / Bozen,M,TOTAL,FRGAPO,121
ITD1,Provincia Autonoma Bolzano / Bozen,F,TOTAL,FRGAPO,25
ITD1,Provincia Autonoma Bolzano / Bozen,T,TOTAL,FRGAPO,146
ITD2,Provincia Autonoma Trento,M,TOTAL,FRGAPO,96
ITD2,Provincia Autonoma Trento,F,TOTAL,FRGAPO,13
ITD2,Provincia Autonoma Trento,T,TOTAL,FRGAPO,109
ITD3,Veneto,M,TOTAL,FRGAPO,401
ITD3,Veneto,F,TOTAL,FRGAPO,219
ITD3,Veneto,T,TOTAL,FRGAPO,620
ITD4,Friuli-Venezia Giulia,M,TOTAL,FRGAPO,585
ITD4,Friuli-Venezia Giulia,F,TOTAL,FRGAPO,69
ITD4,Friuli-Venezia Giulia,T,TOTAL,FRGAPO,654
ITD5,Emilia-Romagna,M,TOTAL,FRGAPO,1106
ITD5,Emilia-Romagna,F,TOTAL,FRGAPO,483
ITD5,Emilia-Romagna,T,TOTAL,FRGAPO,1589
ITE1,Toscana,M,TOTAL,FRGAPO,942
ITE1,Toscana,F,TOTAL,FRGAPO,523
ITE1,Toscana,T,TOTAL,FRGAPO,1465
ITE2,Umbria,M,TOTAL,FRGAPO,25
ITE2,Umbria,F,TOTAL,FRGAPO,28
ITE2,Umbria,T,TOTAL,FRGAPO,53
ITE3,Marche,M,TOTAL,FRGAPO,147
ITE3,Marche,F,TOTAL,FRGAPO,79
ITE3,Marche,T,TOTAL,FRGAPO,226
ITE4,Lazio,M,TOTAL,FRGAPO,9179
ITE4,Lazio,F,TOTAL,FRGAPO,4245
ITE4,Lazio,T,TOTAL,FRGAPO,13424
ITF1,Abruzzo,M,TOTAL,FRGAPO,51
ITF1,Abruzzo,F,TOTAL,FRGAPO,60
ITF1,Abruzzo,T,TOTAL,FRGAPO,111
ITF2,Molise,M,TOTAL,FRGAPO,16
ITF2,Molise,F,TOTAL,FRGAPO,7
ITF2,Molise,T,TOTAL,FRGAPO,23
ITF3,Campania,M,TOTAL,FRGAPO,430
ITF3,Campania,F,TOTAL,FRGAPO,244
ITF3,Campania,T,TOTAL,FRGAPO,674
ITF4,Puglia,M,TOTAL,FRGAPO,2787
ITF4,Puglia,F,TOTAL,FRGAPO,307
ITF4,Puglia,T,TOTAL,FRGAPO,3094
ITF5,Basilicata,M,TOTAL,FRGAPO,25
ITF5,Basilicata,F,TOTAL,FRGAPO,4
ITF5,Basilicata,T,TOTAL,FRGAPO,29
ITF6,Calabria,M,TOTAL,FRGAPO,1551
ITF6,Calabria,F,TOTAL,FRGAPO,96
ITF6,Calabria,T,TOTAL,FRGAPO,1647
ITG1,Sicilia,M,TOTAL,FRGAPO,696
ITG1,Sicilia,F,TOTAL,FRGAPO,176
ITG1,Sicilia,T,TOTAL,FRGAPO,872
ITG2,Sardegna,M,TOTAL,FRGAPO,290
ITG2,Sardegna,F,TOTAL,FRGAPO,220
ITG2,Sardegna,T,TOTAL,FRGAPO,510
ITC1,Piemonte,M,TOTAL,TOTAL,6609
ITC1,Piemonte,F,TOTAL,TOTAL,2157
ITC1,Piemonte,T,TOTAL,TOTAL,8766
ITC2,Valle d'Aosta / Vallée d'Aoste,M,TOTAL,TOTAL,54
ITC2,Valle d'Aosta / Vallée d'Aoste,F,TOTAL,TOTAL,19
ITC2,Valle d'Aosta / Vallée d'Aoste,T,TOTAL,TOTAL,73
ITC3,Liguria,M,TOTAL,TOTAL,3004
ITC3,Liguria,F,TOTAL,TOTAL,1289
ITC3,Liguria,T,TOTAL,TOTAL,4293
ITC4,Lombardia,M,TOTAL,TOTAL,10518
ITC4,Lombardia,F,TOTAL,TOTAL,5828
ITC4,Lombardia,T,TOTAL,TOTAL,16346
ITDA,Trentino Alto Adige / Südtirol,M,TOTAL,TOTAL,478
ITDA,Trentino Alto Adige / Südtirol,F,TOTAL,TOTAL,134
ITDA,Trentino Alto Adige / Südtirol,T,TOTAL,TOTAL,612
ITD1,Provincia Autonoma Bolzano / Bozen,M,TOTAL,TOTAL,248
ITD1,Provincia Autonoma Bolzano / Bozen,F,TOTAL,TOTAL,65
ITD1,Provincia Autonoma Bolzano / Bozen,T,TOTAL,TOTAL,313
ITD2,Provincia Autonoma Trento,M,TOTAL,TOTAL,230
ITD2,Provincia Autonoma Trento,F,TOTAL,TOTAL,69
ITD2,Provincia Autonoma Trento,T,TOTAL,TOTAL,299
ITD3,Veneto,M,TOTAL,TOTAL,2578
ITD3,Veneto,F,TOTAL,TOTAL,1216
ITD3,Veneto,T,TOTAL,TOTAL,3794
ITD4,Friuli-Venezia Giulia,M,TOTAL,TOTAL,1162
ITD4,Friuli-Venezia Giulia,F,TOTAL,TOTAL,289
ITD4,Friuli-Venezia Giulia,T,TOTAL,TOTAL,1451
ITD5,Emilia-Romagna,M,TOTAL,TOTAL,3424
ITD5,Emilia-Romagna,F,TOTAL,TOTAL,1502
ITD5,Emilia-Romagna,T,TOTAL,TOTAL,4926
ITE1,Toscana,M,TOTAL,TOTAL,3035
ITE1,Toscana,F,TOTAL,TOTAL,1415
ITE1,Toscana,T,TOTAL,TOTAL,4450
ITE2,Umbria,M,TOTAL,TOTAL,272
ITE2,Umbria,F,TOTAL,TOTAL,159
ITE2,Umbria,T,TOTAL,TOTAL,431
ITE3,Marche,M,TOTAL,TOTAL,707
ITE3,Marche,F,TOTAL,TOTAL,400
ITE3,Marche,T,TOTAL,TOTAL,1107
ITE4,Lazio,M,TOTAL,TOTAL,16155
ITE4,Lazio,F,TOTAL,TOTAL,7894
ITE4,Lazio,T,TOTAL,TOTAL,24049
ITF1,Abruzzo,M,TOTAL,TOTAL,404
ITF1,Abruzzo,F,TOTAL,TOTAL,206
ITF1,Abruzzo,T,TOTAL,TOTAL,610
ITF2,Molise,M,TOTAL,TOTAL,81
ITF2,Molise,F,TOTAL,TOTAL,20
ITF2,Molise,T,TOTAL,TOTAL,101
ITF3,Campania,M,TOTAL,TOTAL,4150
ITF3,Campania,F,TOTAL,TOTAL,3678
ITF3,Campania,T,TOTAL,TOTAL,7828
ITF4,Puglia,M,TOTAL,TOTAL,5741
ITF4,Puglia,F,TOTAL,TOTAL,1914
ITF4,Puglia,T,TOTAL,TOTAL,7655
ITF5,Basilicata,M,TOTAL,TOTAL,80
ITF5,Basilicata,F,TOTAL,TOTAL,39
ITF5,Basilicata,T,TOTAL,TOTAL,119
ITF6,Calabria,M,TOTAL,TOTAL,2015
ITF6,Calabria,F,TOTAL,TOTAL,336
ITF6,Calabria,T,TOTAL,TOTAL,2351
ITG1,Sicilia,M,TOTAL,TOTAL,2705
ITG1,Sicilia,F,TOTAL,TOTAL,1318
ITG1,Sicilia,T,TOTAL,TOTAL,4023
ITG2,Sardegna,M,TOTAL,TOTAL,2235
ITG2,Sardegna,F,TOTAL,TOTAL,977
ITG2,Sardegna,T,TOTAL,TOTAL,3212
ITD2,Provincia Autonoma Trento,M,Y18-34,TOTAL,53
ITF3,Campania,T,Y18-34,ITL,1310
ITD4,Friuli-Venezia Giulia,T,Y35-54,FRGAPO,174
ITC1,Piemonte,F,Y35-54,FRGAPO,246
ITC3,Liguria,M,Y_UN17,TOTAL,193
ITF3,Campania,F,Y_UN17,TOTAL,577
ITE2,Umbria,T,Y35-54,ITL,118
ITG2,Sardegna,M,Y35-54,TOTAL,937
ITC3,Liguria,T,Y18-34,ITL,342
ITD5,Emilia-Romagna,T,Y18-34,TOTAL,844
ITF6,Calabria,M,Y_UN17,FRGAPO,17
ITF2,Molise,F,Y35-54,TOTAL,6
ITF2,Molise,T,Y18-34,ITL,9
ITF2,Molise,F,Y_GE55,ITL,3
ITG1,Sicilia,F,Y35-54,FRGAPO,49
ITD2,Provincia Autonoma Trento,F,Y_GE55,FRGAPO,3
ITC1,Piemonte,M,Y_UN17,FRGAPO,156
ITC2,Valle d'Aosta / Vallée d'Aoste,T,Y35-54,FRGAPO,7
ITD4,Friuli-Venezia Giulia,F,Y_UN17,FRGAPO,17
ITG2,Sardegna,M,Y18-34,ITL,345
ITE4,Lazio,T,Y_GE55,FRGAPO,1519
ITE1,Toscana,M,Y_UN17,TOTAL,307
ITG2,Sardegna,T,Y_GE55,TOTAL,742
ITD3,Veneto,F,Y35-54,ITL,323
ITF3,Campania,F,Y_GE55,FRGAPO,60
ITD1,Provincia Autonoma Bolzano / Bozen,M,Y_GE55,FRGAPO,24
ITD3,Veneto,M,Y35-54,FRGAPO,144
ITD2,Provincia Autonoma Trento,T,Y35-54,TOTAL,113
ITD4,Friuli-Venezia Giulia,M,Y18-34,TOTAL,465
ITG1,Sicilia,M,Y_GE55,ITL,631
ITD2,Provincia Autonoma Trento,M,Y_GE55,ITL,50
ITE1,Toscana,M,Y_UN17,FRGAPO,147
ITC4,Lombardia,T,Y_UN17,TOTAL,2858
ITF1,Abruzzo,F,Y18-34,TOTAL,44
ITG1,Sicilia,T,Y_GE55,TOTAL,870
ITE1,Toscana,F,Y35-54,TOTAL,484
ITC2,Valle d'Aosta / Vallée d'Aoste,M,Y18-34,FRGAPO,2
ITDA,Trentino Alto Adige / Südtirol,T,Y18-34,ITL,65
ITF5,Basilicata,T,Y_UN17,TOTAL,30
ITC4,Lombardia,F,Y_GE55,ITL,1040
ITE2,Umbria,M,Y_GE55,FRGAPO,1
ITF4,Puglia,F,Y_UN17,FRGAPO,47
ITE3,Marche,M,Y_GE55,TOTAL,279
ITD3,Veneto,F,Y_GE55,TOTAL,304
ITE3,Marche,F,Y18-34,FRGAPO,18
ITG1,Sicilia,M,Y_UN17,FRGAPO,24
ITF2,Molise,M,Y_UN17,TOTAL,2
ITC1,Piemonte,T,Y_GE55,ITL,2153
ITG2,Sardegna,T,Y35-54,ITL,1151
ITF6,Calabria,T,Y18-34,TOTAL,1150
ITD1,Provincia Autonoma Bolzano / Bozen,T,Y_UN17,ITL,20
ITF6,Calabria,T,Y18-34,ITL,147
ITF4,Puglia,T,Y35-54,FRGAPO,881
ITG2,Sardegna,F,Y_UN17,ITL,143
ITG2,Sardegna,T,Y18-34,FRGAPO,177
ITD1,Provincia Autonoma Bolzano / Bozen,M,Y_UN17,TOTAL,15
ITF1,Abruzzo,T,Y18-34,FRGAPO,28
ITD4,Friuli-Venezia Giulia,T,Y35-54,TOTAL,445
ITF1,Abruzzo,F,Y35-54,ITL,50
ITDA,Trentino Alto Adige / Südtirol,M,Y_UN17,TOTAL,31
ITC4,Lombardia,T,Y_GE55,FRGAPO,788
ITD1,Provincia Autonoma Bolzano / Bozen,F,Y18-34,ITL,12
ITF5,Basilicata,M,Y_GE55,ITL,16
ITE1,Toscana,T,Y_UN17,ITL,297
ITD2,Provincia Autonoma Trento,F,Y_UN17,TOTAL,15
ITC4,Lombardia,M,Y35-54,FRGAPO,1579
ITDA,Trentino Alto Adige / Südtirol,F,Y35-54,TOTAL,42
ITD4,Friuli-Venezia Giulia,F,Y_UN17,TOTAL,64
ITF5,Basilicata,T,Y_UN17,FRGAPO,2
ITC4,Lombardia,F,Y18-34,TOTAL,1367
ITE1,Toscana,F,Y35-54,FRGAPO,181
ITD1,Provincia Autonoma Bolzano / Bozen,F,Y35-54,TOTAL,17
ITD3,Veneto,M,Y_UN17,ITL,230
ITF1,Abruzzo,T,Y_UN17,TOTAL,67
ITC2,Valle d'Aosta / Vallée d'Aoste,F,Y_UN17,ITL,6
ITD4,Friuli-Venezia Giulia,M,Y18-34,FRGAPO,385
ITF4,Puglia,M,Y18-34,FRGAPO,1893
ITF5,Basilicata,F,Y18-34,TOTAL,10
ITF4,Puglia,M,Y_UN17,TOTAL,355
ITE1,Toscana,F,Y18-34,ITL,124
ITG1,Sicilia,M,Y35-54,TOTAL,911
ITE4,Lazio,M,Y_GE55,ITL,3312
ITE4,Lazio,M,Y35-54,FRGAPO,3842
ITC3,Liguria,F,Y_GE55,FRGAPO,68
ITF5,Basilicata,F,Y18-34,FRGAPO,2
ITF4,Puglia,F,Y35-54,TOTAL,550
ITE3,Marche,F,Y18-34,TOTAL,66
ITE4,Lazio,F,Y35-54,TOTAL,2553
ITC2,Valle d'Aosta / Vallée d'Aoste,M,Y18-34,TOTAL,6
ITDA,Trentino Alto Adige / Südtirol,M,Y_UN17,FRGAPO,8
ITD5,Emilia-Romagna,F,Y_UN17,ITL,179
ITF4,Puglia,T,Y18-34,ITL,1018
ITD3,Veneto,T,Y_GE55,FRGAPO,137
ITDA,Trentino Alto Adige / Südtirol,F,Y35-54,FRGAPO,18
ITD5,Emilia-Romagna,M,Y_UN17,FRGAPO,157
ITF6,Calabria,F,Y35-54,FRGAPO,29
ITC1,Piemonte,M,Y35-54,ITL,1785
ITF1,Abruzzo,M,Y_UN17,ITL,27
ITC3,Liguria,F,Y_GE55,ITL,305
ITF6,Calabria,M,Y18-34,TOTAL,1044
ITD3,Veneto,F,Y_UN17,FRGAPO,57
ITD2,Provincia Autonoma Trento,T,Y_UN17,ITL,27
ITE1,Toscana,F,Y18-34,FRGAPO,118
ITE3,Marche,T,Y_UN17,ITL,103
ITE2,Umbria,M,Y18-34,TOTAL,38
ITC2,Valle d'Aosta / Vallée d'Aoste,T,Y18-34,TOTAL,10
ITC4,Lombardia,M,Y18-34,FRGAPO,1638
ITF6,Calabria,F,Y_GE55,FRGAPO,6
ITD3,Veneto,T,Y35-54,FRGAPO,214
ITE4,Lazio,T,Y_UN17,ITL,1528
ITC1,Piemonte,T,Y18-34,TOTAL,1898
ITF1,Abruzzo,F,Y_GE55,ITL,46
ITF4,Puglia,T,Y18-34,FRGAPO,2019
ITG2,Sardegna,T,Y35-54,FRGAPO,126
ITC1,Piemonte,M,Y_GE55,ITL,1717
ITF5,Basilicata,T,Y_GE55,ITL,19
ITF5,Basilicata,M,Y_GE55,TOTAL,19
ITDA,Trentino Alto Adige / Südtirol,F,Y_GE55,FRGAPO,9
ITD5,Emilia-Romagna,M,Y35-54,ITL,846
ITD1,Provincia Autonoma Bolzano / Bozen,F,Y35-54,ITL,8
ITD2,Provincia Autonoma Trento,M,Y18-34,ITL,22
ITE4,Lazio,F,Y18-34,ITL,657
ITD5,Emilia-Romagna,T,Y_GE55,ITL,1318
ITF4,Puglia,F,Y_GE55,ITL,456
ITE2,Umbria,T,Y_GE55,ITL,179
ITC1,Piemonte,T,Y_UN17,FRGAPO,281
ITF5,Basilicata,M,Y_GE55,FRGAPO,3
ITG2,Sardegna,M,Y_GE55,TOTAL,587
ITC4,Lombardia,T,Y35-54,FRGAPO,2264
ITD4,Friuli-Venezia Giulia,F,Y_GE55,ITL,56
ITF1,Abruzzo,T,Y35-54,FRGAPO,38
ITG1,Sicilia,T,Y35-54,TOTAL,1291
ITE1,Toscana,T,Y_UN17,TOTAL,589
ITE2,Umbria,T,Y_UN17,FRGAPO,9
ITF3,Campania,T,Y_GE55,TOTAL,2795
ITC3,Liguria,F,Y35-54,TOTAL,420
ITF3,Campania,M,Y18-34,ITL,675
ITD2,Provincia Autonoma Trento,F,Y35-54,FRGAPO,9
ITE1,Toscana,M,Y_GE55,ITL,1039
ITD2,Provincia Autonoma Trento,M,Y_UN17,FRGAPO,3
ITD1,Provincia Autonoma Bolzano / Bozen,F,Y_GE55,TOTAL,16
ITC4,Lombardia,F,Y_UN17,FRGAPO,621
ITG1,Sicilia,F,Y_UN17,TOTAL,312
ITG1,Sicilia,F,Y18-34,FRGAPO,82
ITE4,Lazio,M,Y_GE55,FRGAPO,734
ITD3,Veneto,F,Y35-54,TOTAL,393
ITC4,Lombardia,M,Y_GE55,TOTAL,2854
ITE1,Toscana,F,Y18-34,TOTAL,242
ITC3,Liguria,M,Y_UN17,FRGAPO,88
ITF2,Molise,T,Y_UN17,ITL,4
ITC2,Valle d'Aosta / Vallée d'Aoste,T,Y35-54,ITL,15
ITG1,Sicilia,M,Y35-54,ITL,692
ITF6,Calabria,F,Y_UN17,TOTAL,75
ITD5,Emilia-Romagna,F,Y18-34,FRGAPO,136
ITF3,Campania,T,Y35-54,ITL,2026
ITF3,Campania,T,Y18-34,FRGAPO,220
ITE3,Marche,F,Y18-34,ITL,48
ITD5,Emilia-Romagna,M,Y_GE55,FRGAPO,258
ITF3,Campania,F,Y_UN17,ITL,548
ITC2,Valle d'Aosta / Vallée d'Aoste,T,Y18-34,FRGAPO,3
ITD1,Provincia Autonoma Bolzano / Bozen,T,Y_UN17,FRGAPO,8
ITG2,Sardegna,T,Y_GE55,ITL,711
ITD1,Provincia Autonoma Bolzano / Bozen,M,Y_UN17,ITL,10
ITF6,Calabria,T,Y35-54,TOTAL,834
ITF1,Abruzzo,F,Y35-54,TOTAL,71
ITF2,Molise,T,Y_UN17,TOTAL,5
ITE4,Lazio,M,Y_UN17,TOTAL,1799
ITE2,Umbria,F,Y18-34,FRGAPO,9
ITE2,Umbria,T,Y35-54,TOTAL,139
ITC2,Valle d'Aosta / Vallée d'Aoste,M,Y18-34,ITL,4
ITE2,Umbria,M,Y35-54,ITL,88
ITD4,Friuli-Venezia Giulia,T,Y18-34,ITL,126
ITD1,Provincia Autonoma Bolzano / Bozen,F,Y18-34,FRGAPO,7
ITF5,Basilicata,M,Y35-54,ITL,19
ITG1,Sicilia,T,Y_UN17,FRGAPO,49
ITF1,Abruzzo,M,Y18-34,FRGAPO,16
ITE3,Marche,M,Y_GE55,FRGAPO,26
ITF1,Abruzzo,M,Y_UN17,TOTAL,37
ITD3,Veneto,M,Y18-34,FRGAPO,84
ITDA,Trentino Alto Adige / Südtirol,F,Y_GE55,TOTAL,30
ITC3,Liguria,F,Y35-54,FRGAPO,117
ITD3,Veneto,M,Y_UN17,TOTAL,298
ITD5,Emilia-Romagna,F,Y_GE55,TOTAL,365
ITF2,Molise,F,Y35-54,FRGAPO,1
ITE1,Toscana,T,Y_UN17,FRGAPO,292
ITG2,Sardegna,M,Y18-34,FRGAPO,129
ITE2,Umbria,F,Y_UN17,ITL,11
ITD4,Friuli-Venezia Giulia,T,Y18-34,TOTAL,531
ITDA,Trentino Alto Adige / Südtirol,F,Y_GE55,ITL,21
ITF6,Calabria,F,Y_GE55,ITL,50
ITD2,Provincia Autonoma Trento,T,Y18-34,TOTAL,68
ITD1,Provincia Autonoma Bolzano / Bozen,T,Y18-34,TOTAL,82
ITF3,Campania,M,Y35-54,TOTAL,1329
ITE2,Umbria,F,Y_UN17,TOTAL,12
ITC4,Lombardia,T,Y18-34,ITL,1603
ITC2,Valle d'Aosta / Vallée d'Aoste,M,Y35-54,TOTAL,18
ITF1,Abruzzo,M,Y_GE55,ITL,150
ITF5,Basilicata,M,Y35-54,FRGAPO,6
ITF1,Abruzzo,F,Y18-34,ITL,32
ITC1,Piemonte,M,Y18-34,ITL,473
ITF4,Puglia,M,Y_UN17,ITL,318
ITF4,Puglia,T,Y_UN17,TOTAL,670
ITF5,Basilicata,T,Y_GE55,FRGAPO,3
ITE4,Lazio,M,Y_GE55,TOTAL,4046
ITE3,Marche,F,Y35-54,FRGAPO,36
ITF1,Abruzzo,M,Y35-54,TOTAL,154
ITDA,Trentino Alto Adige / Südtirol,F,Y35-54,ITL,24
ITE1,Toscana,F,Y_GE55,ITL,328
ITG1,Sicilia,M,Y18-34,TOTAL,850
ITD2,Provincia Autonoma Trento,M,Y_GE55,TOTAL,73
ITF5,Basilicata,M,Y_UN17,ITL,13
ITD5,Emilia-Romagna,T,Y18-34,ITL,483
ITF4,Puglia,F,Y35-54,ITL,464
ITF5,Basilicata,F,Y35-54,ITL,9
ITE1,Toscana,M,Y_GE55,FRGAPO,169
ITF6,Calabria,F,Y35-54,ITL,70
ITF4,Puglia,F,Y_GE55,FRGAPO,48
ITE3,Marche,M,Y_UN17,FRGAPO,9
ITDA,Trentino Alto Adige / Südtirol,M,Y_GE55,TOTAL,145
ITC2,Valle d'Aosta / Vallée d'Aoste,M,Y_GE55,ITL,23
ITD1,Provincia Autonoma Bolzano / Bozen,F,Y_UN17,FRGAPO,3
ITG2,Sardegna,F,Y35-54,FRGAPO,62
ITDA,Trentino Alto Adige / Südtirol,M,Y_UN17,ITL,23
ITC1,Piemonte,T,Y_GE55,TOTAL,2492
ITD1,Provincia Autonoma Bolzano / Bozen,T,Y_GE55,ITL,58
ITD3,Veneto,T,Y_UN17,TOTAL,548
ITF1,Abruzzo,F,Y35-54,FRGAPO,21
ITC1,Piemonte,T,Y35-54,ITL,2289
ITC4,Lombardia,F,Y_GE55,TOTAL,1306
ITC4,Lombardia,T,Y_UN17,FRGAPO,1296
ITC3,Liguria,F,Y35-54,ITL,303
ITF3,Campania,T,Y_UN17,FRGAPO,62
ITG1,Sicilia,F,Y_UN17,ITL,287
ITE2,Umbria,F,Y_UN17,FRGAPO,1
ITF2,Molise,F,Y35-54,ITL,5
ITD2,Provincia Autonoma Trento,F,Y_UN17,ITL,14
ITD3,Veneto,T,Y18-34,FRGAPO,144
ITF6,Calabria,M,Y_UN17,ITL,54
ITG2,Sardegna,F,Y_GE55,ITL,141
ITG2,Sardegna,M,Y_UN17,FRGAPO,80
ITE1,Toscana,M,Y_GE55,TOTAL,1208
ITF1,Abruzzo,T,Y_GE55,TOTAL,219
ITC3,Liguria,M,Y_UN17,ITL,105
ITF2,Molise,F,Y18-34,FRGAPO,1
ITD1,Provincia Autonoma Bolzano / Bozen,T,Y_UN17,TOTAL,28
ITE3,Marche,F,Y35-54,TOTAL,143
ITC4,Lombardia,T,Y_UN17,ITL,1562
ITC3,Liguria,F,Y18-34,FRGAPO,130
ITE2,Umbria,T,Y35-54,FRGAPO,21
ITE4,Lazio,T,Y35-54,FRGAPO,5345
ITD2,Provincia Autonoma Trento,T,Y35-54,ITL,65
ITD4,Friuli-Venezia Giulia,F,Y_GE55,TOTAL,75
ITD4,Friuli-Venezia Giulia,F,Y_GE55,FRGAPO,19
ITC2,Valle d'Aosta / Vallée d'Aoste,M,Y35-54,FRGAPO,6
ITE4,Lazio,T,Y_GE55,ITL,4525
ITE2,Umbria,M,Y_UN17,TOTAL,30
ITG1,Sicilia,M,Y_GE55,FRGAPO,33
ITG1,Sicilia,T,Y_GE55,ITL,817
ITE3,Marche,F,Y_GE55,ITL,109
ITF5,Basilicata,T,Y_GE55,TOTAL,22
ITE3,Marche,M,Y_UN17,TOTAL,55
ITF6,Calabria,M,Y_UN17,TOTAL,71
ITD3,Veneto,T,Y18-34,ITL,524
ITD5,Emilia-Romagna,F,Y_GE55,FRGAPO,60
ITD4,Friuli-Venezia Giulia,T,Y18-34,FRGAPO,405
ITD4,Friuli-Venezia Giulia,M,Y35-54,ITL,200
ITE2,Umbria,T,Y18-34,ITL,48
ITF2,Molise,F,Y18-34,TOTAL,4
ITF1,Abruzzo,M,Y_UN17,FRGAPO,10
ITC3,Liguria,T,Y_UN17,TOTAL,402
ITD4,Friuli-Venezia Giulia,T,Y_GE55,ITL,303
ITE2,Umbria,M,Y18-34,FRGAPO,7
ITF4,Puglia,F,Y18-34,TOTAL,545
ITE4,Lazio,M,Y18-34,FRGAPO,3603
ITF6,Calabria,F,Y35-54,TOTAL,99
ITC1,Piemonte,T,Y18-34,FRGAPO,1095
ITDA,Trentino Alto Adige / Südtirol,M,Y_GE55,FRGAPO,47
ITF3,Campania,T,Y18-34,TOTAL,1530
ITF3,Campania,F,Y35-54,ITL,896
ITD5,Emilia-Romagna,F,Y_UN17,TOTAL,297
ITD1,Provincia Autonoma Bolzano / Bozen,F,Y18-34,TOTAL,19
ITF2,Molise,T,Y_UN17,FRGAPO,1
ITC3,Liguria,F,Y18-34,TOTAL,287
ITF6,Calabria,M,Y_GE55,FRGAPO,30
ITC1,Piemonte,M,Y35-54,TOTAL,2876
ITD1,Provincia Autonoma Bolzano / Bozen,M,Y35-54,ITL,53
ITC3,Liguria,T,Y_UN17,FRGAPO,174
ITD2,Provincia Autonoma Trento,F,Y18-34,ITL,15
ITF3,Campania,M,Y_UN17,ITL,572
ITD5,Emilia-Romagna,T,Y35-54,TOTAL,1797
ITC4,Lombardia,F,Y18-34,FRGAPO,614
ITC2,Valle d'Aosta / Vallée d'Aoste,T,Y_GE55,TOTAL,28
ITD2,Provincia Autonoma Trento,M,Y18-34,FRGAPO,31
ITF5,Basilicata,M,Y35-54,TOTAL,25
ITD5,Emilia-Romagna,T,Y_UN17,FRGAPO,275
ITD3,Veneto,M,Y_GE55,TOTAL,963
ITC4,Lombardia,F,Y35-54,TOTAL,1748
ITD4,Friuli-Venezia Giulia,M,Y18-34,ITL,80
ITE2,Umbria,M,Y35-54,FRGAPO,9
ITD1,Provincia Autonoma Bolzano / Bozen,T,Y_GE55,FRGAPO,30
ITE4,Lazio,F,Y18-34,TOTAL,1675
ITE1,Toscana,M,Y_UN17,ITL,160
ITE4,Lazio,F,Y_UN17,FRGAPO,939
ITC4,Lombardia,M,Y_UN17,ITL,776
ITF3,Campania,F,Y_GE55,ITL,1355
ITD1,Provincia Autonoma Bolzano / Bozen,M,Y35-54,FRGAPO,45
ITF2,Molise,F,Y18-34,ITL,3
ITF3,Campania,T,Y35-54,TOTAL,2321
ITD2,Provincia Autonoma Trento,T,Y18-34,FRGAPO,31
ITD3,Veneto,F,Y18-34,TOTAL,269
ITC4,Lombardia,F,Y35-54,ITL,1063
ITG1,Sicilia,M,Y18-34,ITL,430
ITC3,Liguria,F,Y18-34,ITL,157
ITE2,Umbria,T,Y_GE55,FRGAPO,7
ITE3,Marche,T,Y_UN17,TOTAL,121
ITE1,Toscana,M,Y35-54,FRGAPO,339
ITDA,Trentino Alto Adige / Südtirol,F,Y18-34,TOTAL,34
ITF2,Molise,M,Y_UN17,ITL,2
ITE3,Marche,F,Y35-54,ITL,107
ITG1,Sicilia,M,Y35-54,FRGAPO,219
ITE2,Umbria,M,Y18-34,ITL,31
ITD4,Friuli-Venezia Giulia,T,Y35-54,ITL,271
ITG2,Sardegna,F,Y_UN17,TOTAL,239
ITF4,Puglia,M,Y_UN17,FRGAPO,37
ITF4,Puglia,T,Y_UN17,ITL,586
ITF5,Basilicata,F,Y_UN17,FRGAPO,1
ITC2,Valle d'Aosta / Vallée d'Aoste,F,Y_UN17,TOTAL,6
ITD5,Emilia-Romagna,M,Y18-34,ITL,264
ITF1,Abruzzo,T,Y_UN17,ITL,45
ITC1,Piemonte,F,Y_GE55,FRGAPO,86
ITF5,Basilicata,T,Y35-54,TOTAL,35
ITF6,Calabria,F,Y18-34,FRGAPO,41
ITDA,Trentino Alto Adige / Südtirol,F,Y18-34,FRGAPO,7
ITD4,Friuli-Venezia Giulia,F,Y_UN17,ITL,47
ITF3,Campania,M,Y18-34,TOTAL,836
ITF3,Campania,F,Y35-54,FRGAPO,96
ITC1,Piemonte,M,Y18-34,TOTAL,1364
ITF4,Puglia,F,Y35-54,FRGAPO,86
ITG2,Sardegna,T,Y35-54,TOTAL,1277
ITC2,Valle d'Aosta / Vallée d'Aoste,M,Y35-54,ITL,12
ITG1,Sicilia,T,Y35-54,ITL,1023
ITE3,Marche,M,Y_UN17,ITL,46
ITF5,Basilicata,T,Y_UN17,ITL,28
ITC4,Lombardia,M,Y_GE55,FRGAPO,522
ITE1,Toscana,F,Y35-54,ITL,303
ITD4,Friuli-Venezia Giulia,M,Y_UN17,FRGAPO,13
ITD3,Veneto,F,Y_GE55,ITL,272
ITF3,Campania,M,Y_UN17,FRGAPO,33
ITD2,Provincia Autonoma Trento,T,Y_GE55,TOTAL,87
ITD5,Emilia-Romagna,T,Y35-54,ITL,1162
ITF6,Calabria,F,Y18-34,ITL,65
ITDA,Trentino Alto Adige / Südtirol,F,Y18-34,ITL,27
ITF5,Basilicata,F,Y18-34,ITL,8
ITF2,Molise,M,Y_GE55,TOTAL,23
ITC3,Liguria,T,Y_UN17,ITL,228
ITD2,Provincia Autonoma Trento,M,Y35-54,TOTAL,88
ITG2,Sardegna,F,Y_GE55,FRGAPO,14
ITE4,Lazio,M,Y35-54,ITL,2188
ITC1,Piemonte,F,Y_UN17,TOTAL,351
ITC3,Liguria,M,Y_GE55,TOTAL,1213
ITD2,Provincia Autonoma Trento,M,Y35-54,ITL,49
ITE4,Lazio,T,Y_UN17,TOTAL,3467
ITC1,Piemonte,F,Y_UN17,ITL,226
ITF4,Puglia,F,Y18-34,ITL,419
ITD5,Emilia-Romagna,M,Y18-34,TOTAL,489
ITE2,Umbria,F,Y_GE55,TOTAL,79
ITC2,Valle d'Aosta / Vallée d'Aoste,T,Y35-54,TOTAL,22
ITF1,Abruzzo,F,Y_GE55,FRGAPO,15
ITE2,Umbria,T,Y18-34,TOTAL,64
ITD1,Provincia Autonoma Bolzano / Bozen,M,Y_GE55,ITL,48
ITF4,Puglia,M,Y_GE55,TOTAL,966
ITE1,Toscana,M,Y35-54,TOTAL,1057
ITG2,Sardegna,M,Y18-34,TOTAL,474
ITD4,Friuli-Venezia Giulia,F,Y35-54,TOTAL,84
ITD2,Provincia Autonoma Trento,T,Y_GE55,ITL,61
ITF5,Basilicata,F,Y_UN17,TOTAL,16
ITC1,Piemonte,T,Y35-54,TOTAL,3626
ITDA,Trentino Alto Adige / Südtirol,T,Y_UN17,FRGAPO,12
ITF6,Calabria,T,Y_UN17,FRGAPO,37
ITE1,Toscana,T,Y_GE55,TOTAL,1615
ITC2,Valle d'Aosta / Vallée d'Aoste,T,Y_GE55,ITL,28
ITD5,Emilia-Romagna,F,Y35-54,FRGAPO,169
ITF1,Abruzzo,M,Y_GE55,TOTAL,158
ITG2,Sardegna,T,Y18-34,ITL,540
ITD4,Friuli-Venezia Giulia,M,Y_UN17,TOTAL,63
ITE3,Marche,T,Y_UN17,FRGAPO,18
ITD3,Veneto,F,Y_GE55,FRGAPO,32
ITE1,Toscana,T,Y_GE55,FRGAPO,248
ITDA,Trentino Alto Adige / Südtirol,T,Y_UN17,TOTAL,59
ITF2,Molise,M,Y_GE55,FRGAPO,1
ITC4,Lombardia,M,Y_UN17,TOTAL,1451
ITF6,Calabria,T,Y_UN17,ITL,109
ITG1,Sicilia,T,Y_GE55,FRGAPO,53
ITC3,Liguria,M,Y_GE55,FRGAPO,222
ITF6,Calabria,F,Y_GE55,TOTAL,56
ITDA,Trentino Alto Adige / Südtirol,T,Y_UN17,ITL,47
ITG1,Sicilia,T,Y18-34,TOTAL,1270
ITD2,Provincia Autonoma Trento,M,Y35-54,FRGAPO,39
ITC1,Piemonte,F,Y18-34,TOTAL,534
ITD1,Provincia Autonoma Bolzano / Bozen,T,Y35-54,ITL,61
ITF3,Campania,F,Y35-54,TOTAL,992
ITG1,Sicilia,F,Y_UN17,FRGAPO,25
ITG2,Sardegna,F,Y18-34,ITL,195
ITE1,Toscana,T,Y35-54,TOTAL,1541
ITD1,Provincia Autonoma Bolzano / Bozen,T,Y18-34,FRGAPO,54
ITD2,Provincia Autonoma Trento,T,Y_GE55,FRGAPO,26
ITE1,Toscana,F,Y_UN17,TOTAL,282
ITD5,Emilia-Romagna,T,Y35-54,FRGAPO,635
ITC3,Liguria,M,Y35-54,TOTAL,1131
ITF5,Basilicata,M,Y18-34,TOTAL,22
ITD3,Veneto,F,Y35-54,FRGAPO,70
ITE2,Umbria,T,Y_UN17,TOTAL,42
ITC4,Lombardia,T,Y35-54,TOTAL,5473
ITC3,Liguria,M,Y_GE55,ITL,991
ITG1,Sicilia,T,Y35-54,FRGAPO,268
ITC2,Valle d'Aosta / Vallée d'Aoste,T,Y_UN17,FRGAPO,5
ITF2,Molise,M,Y_GE55,ITL,22
ITE3,Marche,T,Y35-54,ITL,309
ITC1,Piemonte,T,Y_GE55,FRGAPO,339
ITG2,Sardegna,M,Y_UN17,TOTAL,237
ITF3,Campania,F,Y18-34,ITL,635
ITF1,Abruzzo,M,Y_GE55,FRGAPO,8
ITE2,Umbria,F,Y18-34,TOTAL,26
ITC2,Valle d'Aosta / Vallée d'Aoste,M,Y_UN17,ITL,2
ITD5,Emilia-Romagna,M,Y18-34,FRGAPO,225
ITG2,Sardegna,M,Y_GE55,FRGAPO,17
ITC2,Valle d'Aosta / Vallée d'Aoste,F,Y18-34,FRGAPO,1
ITD1,Provincia Autonoma Bolzano / Bozen,M,Y18-34,ITL,16
ITD4,Friuli-Venezia Giulia,F,Y35-54,FRGAPO,13
ITE2,Umbria,F,Y_GE55,FRGAPO,6
ITE3,Marche,F,Y_UN17,ITL,57
ITC1,Piemonte,F,Y_GE55,ITL,436
ITE1,Toscana,T,Y35-54,ITL,1021
ITF6,Calabria,F,Y18-34,TOTAL,106
ITE3,Marche,T,Y18-34,FRGAPO,55
ITD4,Friuli-Venezia Giulia,T,Y_UN17,ITL,97
ITF2,Molise,M,Y35-54,TOTAL,39
ITG2,Sardegna,T,Y_UN17,ITL,300
ITG1,Sicilia,F,Y_GE55,TOTAL,206
ITE4,Lazio,F,Y_GE55,FRGAPO,785
ITE4,Lazio,M,Y18-34,TOTAL,4280
ITC4,Lombardia,F,Y35-54,FRGAPO,685
ITF1,Abruzzo,M,Y18-34,TOTAL,55
ITF4,Puglia,T,Y_GE55,TOTAL,1470
ITD3,Veneto,M,Y_UN17,FRGAPO,68
ITF3,Campania,M,Y_GE55,FRGAPO,37
ITD4,Friuli-Venezia Giulia,T,Y_UN17,TOTAL,127
ITF1,Abruzzo,T,Y_GE55,ITL,196
ITD2,Provincia Autonoma Trento,T,Y_UN17,TOTAL,31
ITC3,Liguria,T,Y_GE55,FRGAPO,290
ITC4,Lombardia,M,Y_UN17,FRGAPO,675
ITD2,Provincia Autonoma Trento,F,Y_GE55,ITL,11
ITF2,Molise,T,Y_GE55,FRGAPO,5
ITE4,Lazio,F,Y_UN17,TOTAL,1668
ITD1,Provincia Autonoma Bolzano / Bozen,M,Y35-54,TOTAL,98
ITD1,Provincia Autonoma Bolzano / Bozen,T,Y_GE55,TOTAL,88
ITC4,Lombardia,M,Y18-34,TOTAL,2488
ITC2,Valle d'Aosta / Vallée d'Aoste,T,Y_UN17,TOTAL,13
ITC2,Valle d'Aosta / Vallée d'Aoste,F,Y35-54,ITL,3
ITC1,Piemonte,T,Y_UN17,TOTAL,750
ITD3,Veneto,M,Y35-54,ITL,774
ITF1,Abruzzo,T,Y35-54,TOTAL,225
ITF6,Calabria,T,Y35-54,FRGAPO,571
ITF6,Calabria,M,Y_GE55,ITL,135
ITE4,Lazio,T,Y18-34,ITL,1334
ITF5,Basilicata,T,Y35-54,FRGAPO,7
ITDA,Trentino Alto Adige / Südtirol,M,Y_GE55,ITL,98
ITE3,Marche,T,Y18-34,TOTAL,162
ITE1,Toscana,M,Y18-34,TOTAL,463
ITE4,Lazio,T,Y35-54,TOTAL,8583
ITE1,Toscana,F,Y_UN17,FRGAPO,145
ITC3,Liguria,M,Y35-54,FRGAPO,418
ITD3,Veneto,T,Y_GE55,ITL,1130
ITF2,Molise,F,Y_UN17,ITL,2
ITF2,Molise,M,Y35-54,FRGAPO,4
ITDA,Trentino Alto Adige / Südtirol,F,Y_UN17,TOTAL,28
ITF4,Puglia,M,Y_GE55,ITL,904
ITC2,Valle d'Aosta / Vallée d'Aoste,F,Y18-34,TOTAL,4
ITF6,Calabria,F,Y_UN17,FRGAPO,20
ITDA,Trentino Alto Adige / Südtirol,F,Y_UN17,FRGAPO,4
ITD5,Emilia-Romagna,M,Y_GE55,TOTAL,1271
ITF5,Basilicata,T,Y18-34,ITL,15
ITD5,Emilia-Romagna,M,Y_UN17,ITL,195
ITF1,Abruzzo,M,Y35-54,ITL,137
ITDA,Trentino Alto Adige / Südtirol,T,Y35-54,TOTAL,228
ITF5,Basilicata,M,Y18-34,FRGAPO,15
ITE2,Umbria,T,Y18-34,FRGAPO,16
ITF3,Campania,M,Y_UN17,TOTAL,605
ITE1,Toscana,M,Y18-34,ITL,176
ITG1,Sicilia,T,Y18-34,ITL,768
ITD5,Emilia-Romagna,F,Y35-54,ITL,316
ITE3,Marche,M,Y18-34,ITL,59
ITC3,Liguria,T,Y_GE55,TOTAL,1586
ITF4,Puglia,M,Y35-54,TOTAL,1928
ITF2,Molise,T,Y_GE55,TOTAL,30
ITD4,Friuli-Venezia Giulia,F,Y18-34,ITL,46
ITE2,Umbria,F,Y35-54,ITL,30
ITF6,Calabria,M,Y35-54,FRGAPO,542
ITD5,Emilia-Romagna,M,Y35-54,TOTAL,1312
ITF2,Molise,M,Y18-34,FRGAPO,11
ITC2,Valle d'Aosta / Vallée d'Aoste,F,Y18-34,ITL,3
ITF4,Puglia,T,Y35-54,TOTAL,2478
ITF6,Calabria,T,Y_GE55,FRGAPO,36
ITF1,Abruzzo,T,Y_UN17,FRGAPO,22
ITF4,Puglia,T,Y_GE55,ITL,1360
ITD4,Friuli-Venezia Giulia,T,Y_UN17,FRGAPO,30
ITC1,Piemonte,F,Y_UN17,FRGAPO,125
ITD5,Emilia-Romagna,F,Y_GE55,ITL,305
ITDA,Trentino Alto Adige / Südtirol,M,Y35-54,FRGAPO,84
ITC1,Piemonte,M,Y_GE55,TOTAL,1970
ITG2,Sardegna,T,Y_UN17,FRGAPO,176
ITG2,Sardegna,T,Y18-34,TOTAL,717
ITF4,Puglia,F,Y18-34,FRGAPO,126
ITD1,Provincia Autonoma Bolzano / Bozen,M,Y_GE55,TOTAL,72
ITF2,Molise,F,Y_UN17,TOTAL,3
ITD4,Friuli-Venezia Giulia,F,Y18-34,TOTAL,66
ITD1,Provincia Autonoma Bolzano / Bozen,F,Y_UN17,ITL,10
ITF4,Puglia,F,Y_UN17,TOTAL,315
ITE4,Lazio,T,Y35-54,ITL,3238
ITD3,Veneto,M,Y18-34,ITL,315
ITF5,Basilicata,T,Y18-34,FRGAPO,17
ITE1,Toscana,T,Y18-34,ITL,300
ITD5,Emilia-Romagna,T,Y_GE55,TOTAL,1636
ITF2,Molise,T,Y35-54,TOTAL,45
ITE4,Lazio,T,Y_GE55,TOTAL,6044
ITF4,Puglia,M,Y18-34,TOTAL,2492
ITC4,Lombardia,M,Y_GE55,ITL,2332
ITC2,Valle d'Aosta / Vallée d'Aoste,M,Y_GE55,TOTAL,23
ITDA,Trentino Alto Adige / Südtirol,M,Y35-54,ITL,102
ITF6,Calabria,M,Y35-54,ITL,193
ITD3,Veneto,F,Y_UN17,ITL,193
ITC3,Liguria,F,Y_UN17,TOTAL,209
ITD2,Provincia Autonoma Trento,F,Y_UN17,FRGAPO,1
ITF3,Campania,F,Y_GE55,TOTAL,1415
ITD3,Veneto,T,Y_GE55,TOTAL,1267
ITC3,Liguria,M,Y35-54,ITL,713
ITG2,Sardegna,F,Y_GE55,TOTAL,155
ITG1,Sicilia,F,Y_GE55,ITL,186
ITF5,Basilicata,F,Y_GE55,ITL,3
ITF2,Molise,M,Y35-54,ITL,35
ITD4,Friuli-Venezia Giulia,M,Y_GE55,ITL,247
ITDA,Trentino Alto Adige / Südtirol,T,Y_GE55,FRGAPO,56
ITD3,Veneto,T,Y35-54,ITL,1097
ITE4,Lazio,M,Y18-34,ITL,677
ITC1,Piemonte,T,Y35-54,FRGAPO,1337
ITDA,Trentino Alto Adige / Südtirol,M,Y35-54,TOTAL,186
ITDA,Trentino Alto Adige / Südtirol,T,Y_GE55,TOTAL,175
ITG2,Sardegna,F,Y35-54,ITL,278
ITD5,Emilia-Romagna,T,Y18-34,FRGAPO,361
ITF3,Campania,T,Y_UN17,ITL,1120
ITE3,Marche,T,Y18-34,ITL,107
ITE1,Toscana,T,Y35-54,FRGAPO,520
ITD1,Provincia Autonoma Bolzano / Bozen,T,Y35-54,FRGAPO,54
ITD4,Friuli-Venezia Giulia,F,Y18-34,FRGAPO,20
ITE2,Umbria,F,Y_GE55,ITL,73
ITG1,Sicilia,F,Y35-54,TOTAL,380
ITC1,Piemonte,M,Y18-34,FRGAPO,891
ITD2,Provincia Autonoma Trento,T,Y35-54,FRGAPO,48
ITG2,Sardegna,F,Y18-34,FRGAPO,48
ITF4,Puglia,T,Y_UN17,FRGAPO,84
ITG2,Sardegna,M,Y_UN17,ITL,157
ITE3,Marche,F,Y_GE55,TOTAL,125
ITC3,Liguria,T,Y35-54,TOTAL,1551
ITE2,Umbria,M,Y_UN17,ITL,22
ITF2,Molise,T,Y35-54,FRGAPO,5
ITE4,Lazio,T,Y18-34,FRGAPO,4621
ITC4,Lombardia,F,Y18-34,ITL,753
ITC4,Lombardia,T,Y18-34,TOTAL,3855
ITD3,Veneto,T,Y_UN17,FRGAPO,125
ITF1,Abruzzo,F,Y_UN17,TOTAL,30
ITE3,Marche,F,Y_GE55,FRGAPO,16
ITC3,Liguria,T,Y35-54,FRGAPO,535
ITF6,Calabria,T,Y_GE55,ITL,185
ITE4,Lazio,F,Y_UN17,ITL,729
ITE4,Lazio,M,Y35-54,TOTAL,6030
ITE1,Toscana,M,Y18-34,FRGAPO,287
ITG1,Sicilia,M,Y_UN17,TOTAL,280
ITD2,Provincia Autonoma Trento,F,Y18-34,TOTAL,15
ITC1,Piemonte,T,Y18-34,ITL,803
ITF4,Puglia,M,Y35-54,ITL,1133
ITC2,Valle d'Aosta / Vallée d'Aoste,T,Y_UN17,ITL,8
ITD1,Provincia Autonoma Bolzano / Bozen,M,Y18-34,FRGAPO,47
ITF2,Molise,T,Y_GE55,ITL,25
ITE2,Umbria,F,Y35-54,TOTAL,42
ITF5,Basilicata,T,Y18-34,TOTAL,32
ITG1,Sicilia,M,Y18-34,FRGAPO,420
ITC3,Liguria,F,Y_UN17,FRGAPO,86
ITD3,Veneto,M,Y35-54,TOTAL,918
ITF1,Abruzzo,F,Y18-34,FRGAPO,12
ITC3,Liguria,T,Y_GE55,ITL,1296
ITF6,Calabria,T,Y_UN17,TOTAL,146
ITF3,Campania,F,Y18-34,FRGAPO,59
ITF2,Molise,F,Y_UN17,FRGAPO,1
ITC3,Liguria,M,Y18-34,TOTAL,467
ITF2,Molise,M,Y18-34,TOTAL,17
ITF5,Basilicata,F,Y_UN17,ITL,15
ITD3,Veneto,T,Y_UN17,ITL,423
ITF3,Campania,M,Y18-34,FRGAPO,161
ITF6,Calabria,T,Y35-54,ITL,263
ITE1,Toscana,M,Y35-54,ITL,718
ITG1,Sicilia,F,Y18-34,TOTAL,420
ITDA,Trentino Alto Adige / Südtirol,T,Y18-34,FRGAPO,85
ITC3,Liguria,M,Y18-34,FRGAPO,282
ITD3,Veneto,M,Y18-34,TOTAL,399
ITE1,Toscana,T,Y_GE55,ITL,1367
ITC2,Valle d'Aosta / Vallée d'Aoste,F,Y_GE55,TOTAL,5
ITE2,Umbria,F,Y35-54,FRGAPO,12
ITF6,Calabria,F,Y_UN17,ITL,55
ITC1,Piemonte,F,Y_GE55,TOTAL,522
ITE3,Marche,M,Y35-54,FRGAPO,75
ITE4,Lazio,T,Y18-34,TOTAL,5955
ITD5,Emilia-Romagna,M,Y_UN17,TOTAL,352
ITF6,Calabria,T,Y18-34,FRGAPO,1003
ITC1,Piemonte,F,Y18-34,ITL,330
ITG2,Sardegna,F,Y_UN17,FRGAPO,96
ITF1,Abruzzo,F,Y_GE55,TOTAL,61
ITE4,Lazio,F,Y_GE55,TOTAL,1998
ITE3,Marche,T,Y_GE55,FRGAPO,42
ITE2,Umbria,T,Y_UN17,ITL,33
ITF4,Puglia,F,Y_UN17,ITL,268
ITC4,Lombardia,F,Y_UN17,ITL,786
ITF3,Campania,T,Y35-54,FRGAPO,295
ITD2,Provincia Autonoma Trento,F,Y35-54,ITL,16
ITE4,Lazio,T,Y_UN17,FRGAPO,1939
ITD4,Friuli-Venezia Giulia,M,Y_GE55,TOTAL,273
ITC1,Piemonte,T,Y_UN17,ITL,469
ITE3,Marche,M,Y_GE55,ITL,253
ITG1,Sicilia,T,Y18-34,FRGAPO,502
ITF2,Molise,T,Y18-34,TOTAL,21
ITD3,Veneto,T,Y35-54,TOTAL,1311
ITF4,Puglia,T,Y35-54,ITL,1597
ITF3,Campania,F,Y_UN17,FRGAPO,29
ITG2,Sardegna,T,Y_UN17,TOTAL,476
ITF3,Campania,T,Y_GE55,ITL,2698
ITF5,Basilicata,F,Y_GE55,TOTAL,3
ITF4,Puglia,M,Y_GE55,FRGAPO,62
ITC4,Lombardia,T,Y35-54,ITL,3209
ITF6,Calabria,M,Y35-54,TOTAL,735
ITC2,Valle d'Aosta / Vallée d'Aoste,T,Y18-34,ITL,7
ITD1,Provincia Autonoma Bolzano / Bozen,M,Y_UN17,FRGAPO,5
ITC4,Lombardia,T,Y_GE55,TOTAL,4160
ITD1,Provincia Autonoma Bolzano / Bozen,F,Y35-54,FRGAPO,9
ITD1,Provincia Autonoma Bolzano / Bozen,F,Y_GE55,ITL,10
ITDA,Trentino Alto Adige / Südtirol,T,Y18-34,TOTAL,150
ITG1,Sicilia,T,Y_UN17,TOTAL,592
ITE1,Toscana,T,Y18-34,FRGAPO,405
ITF1,Abruzzo,F,Y_UN17,FRGAPO,12
ITD2,Provincia Autonoma Trento,F,Y_GE55,TOTAL,14
ITE2,Umbria,T,Y_GE55,TOTAL,186
ITF3,Campania,M,Y_GE55,TOTAL,1380
ITC1,Piemonte,M,Y_GE55,FRGAPO,253
ITE2,Umbria,M,Y35-54,TOTAL,97
ITE4,Lazio,M,Y_UN17,ITL,799
ITG1,Sicilia,M,Y_UN17,ITL,256
ITD3,Veneto,M,Y_GE55,FRGAPO,105
ITC3,Liguria,T,Y35-54,ITL,1016
ITF6,Calabria,T,Y_GE55,TOTAL,221
ITE3,Marche,T,Y_GE55,TOTAL,404
ITF4,Puglia,M,Y18-34,ITL,599
ITE3,Marche,M,Y35-54,TOTAL,277
ITD2,Provincia Autonoma Trento,T,Y_UN17,FRGAPO,4
ITC4,Lombardia,M,Y18-34,ITL,850
ITC4,Lombardia,T,Y18-34,FRGAPO,2252
ITD4,Friuli-Venezia Giulia,M,Y_GE55,FRGAPO,26
ITG1,Sicilia,F,Y35-54,ITL,331
ITC3,Liguria,F,Y_UN17,ITL,123
ITF2,Molise,T,Y35-54,ITL,40
ITD3,Veneto,F,Y_UN17,TOTAL,250
ITD4,Friuli-Venezia Giulia,M,Y_UN17,ITL,50
ITD3,Veneto,F,Y18-34,FRGAPO,60
ITG2,Sardegna,F,Y18-34,TOTAL,243
ITDA,Trentino Alto Adige / Südtirol,T,Y_GE55,ITL,119
ITC1,Piemonte,M,Y_UN17,TOTAL,399
ITG2,Sardegna,M,Y35-54,ITL,873
ITF2,Molise,M,Y18-34,ITL,6
ITF1,Abruzzo,T,Y18-34,ITL,71
ITE1,Toscana,T,Y18-34,TOTAL,705
ITD5,Emilia-Romagna,F,Y35-54,TOTAL,485
ITF4,Puglia,T,Y18-34,TOTAL,3037
ITD3,Veneto,F,Y18-34,ITL,209
ITC1,Piemonte,F,Y18-34,FRGAPO,204
ITE4,Lazio,F,Y18-34,FRGAPO,1018
ITE4,Lazio,F,Y35-54,ITL,1050
ITE2,Umbria,M,Y_GE55,ITL,106
ITC4,Lombardia,M,Y35-54,TOTAL,3725
ITD5,Emilia-Romagna,M,Y_GE55,ITL,1013
ITF3,Campania,M,Y35-54,ITL,1130
ITF1,Abruzzo,T,Y18-34,TOTAL,99
ITE2,Umbria,M,Y_UN17,FRGAPO,8
ITG1,Sicilia,M,Y_GE55,TOTAL,664
ITD5,Emilia-Romagna,F,Y18-34,ITL,219
ITE4,Lazio,F,Y35-54,FRGAPO,1503
ITG2,Sardegna,M,Y_GE55,ITL,570
ITDA,Trentino Alto Adige / Südtirol,T,Y35-54,ITL,126
ITE3,Marche,M,Y18-34,TOTAL,96
ITD1,Provincia Autonoma Bolzano / Bozen,M,Y18-34,TOTAL,63
ITC4,Lombardia,M,Y35-54,ITL,2146
ITC4,Lombardia,T,Y_GE55,ITL,3372
ITF5,Basilicata,M,Y_UN17,FRGAPO,1
ITDA,Trentino Alto Adige / Südtirol,M,Y18-34,TOTAL,116
ITE4,Lazio,M,Y_UN17,FRGAPO,1000
ITC3,Liguria,T,Y18-34,TOTAL,754
ITD4,Friuli-Venezia Giulia,T,Y_GE55,TOTAL,348
ITD5,Emilia-Romagna,F,Y_UN17,FRGAPO,118
ITF6,Calabria,M,Y_GE55,TOTAL,165
ITDA,Trentino Alto Adige / Südtirol,F,Y_UN17,ITL,24
ITC1,Piemonte,M,Y35-54,FRGAPO,1091
ITC4,Lombardia,F,Y_UN17,TOTAL,1407
ITD1,Provincia Autonoma Bolzano / Bozen,F,Y_GE55,FRGAPO,6
ITD5,Emilia-Romagna,F,Y18-34,TOTAL,355
ITE3,Marche,T,Y35-54,TOTAL,420
ITC4,Lombardia,F,Y_GE55,FRGAPO,266
ITE1,Toscana,F,Y_UN17,ITL,137
ITD1,Provincia Autonoma Bolzano / Bozen,T,Y35-54,TOTAL,115
ITD3,Veneto,M,Y_GE55,ITL,858
ITG2,Sardegna,F,Y35-54,TOTAL,340
ITD2,Provincia Autonoma Trento,M,Y_GE55,FRGAPO,23
ITF3,Campania,T,Y_UN17,TOTAL,1182
ITC2,Valle d'Aosta / Vallée d'Aoste,F,Y35-54,TOTAL,4
ITF4,Puglia,M,Y35-54,FRGAPO,795
ITF1,Abruzzo,M,Y18-34,ITL,39
ITDA,Trentino Alto Adige / Südtirol,M,Y18-34,FRGAPO,78
ITG1,Sicilia,T,Y_UN17,ITL,543
ITE3,Marche,F,Y_UN17,TOTAL,66
ITF5,Basilicata,T,Y35-54,ITL,28
ITD4,Friuli-Venezia Giulia,M,Y35-54,FRGAPO,161
ITD5,Emilia-Romagna,T,Y_GE55,FRGAPO,318
ITF6,Calabria,M,Y18-34,FRGAPO,962
ITE3,Marche,M,Y35-54,ITL,202
ITC2,Valle d'Aosta / Vallée d'Aoste,M,Y_UN17,TOTAL,7
ITF5,Basilicata,F,Y35-54,FRGAPO,1
ITG2,Sardegna,M,Y35-54,FRGAPO,64
ITE3,Marche,M,Y18-34,FRGAPO,37
ITC1,Piemonte,M,Y_UN17,ITL,243
ITF1,Abruzzo,F,Y_UN17,ITL,18
ITF5,Basilicata,M,Y_UN17,TOTAL,14
ITF4,Puglia,F,Y_GE55,TOTAL,504
ITF3,Campania,T,Y_GE55,FRGAPO,97
ITD2,Provincia Autonoma Trento,T,Y18-34,ITL,37
ITE2,Umbria,F,Y18-34,ITL,17
ITE1,Toscana,F,Y_GE55,TOTAL,407
ITD2,Provincia Autonoma Trento,M,Y_UN17,TOTAL,16
ITD4,Friuli-Venezia Giulia,F,Y35-54,ITL,71
ITF1,Abruzzo,T,Y_GE55,FRGAPO,23
ITC1,Piemonte,F,Y35-54,ITL,504
ITC2,Valle d'Aosta / Vallée d'Aoste,M,Y_UN17,FRGAPO,5
ITG1,Sicilia,F,Y_GE55,FRGAPO,20
ITDA,Trentino Alto Adige / Südtirol,T,Y35-54,FRGAPO,102
ITF1,Abruzzo,T,Y35-54,ITL,187
ITE4,Lazio,F,Y_GE55,ITL,1213
ITF5,Basilicata,M,Y18-34,ITL,7
ITD5,Emilia-Romagna,T,Y_UN17,ITL,374
ITF5,Basilicata,F,Y35-54,TOTAL,10
ITC3,Liguria,T,Y18-34,FRGAPO,412
ITF2,Molise,T,Y18-34,FRGAPO,12
ITD1,Provincia Autonoma Bolzano / Bozen,F,Y_UN17,TOTAL,13
ITD2,Provincia Autonoma Trento,M,Y_UN17,ITL,13
ITD2,Provincia Autonoma Trento,F,Y35-54,TOTAL,25
ITF1,Abruzzo,M,Y35-54,FRGAPO,17
ITF3,Campania,M,Y35-54,FRGAPO,199
ITF3,Campania,F,Y18-34,TOTAL,694
ITG1,Sicilia,F,Y18-34,ITL,338
ITE3,Marche,T,Y35-54,FRGAPO,111
ITD3,Veneto,T,Y18-34,TOTAL,668
ITF3,Campania,M,Y_GE55,ITL,1343
ITF6,Calabria,M,Y18-34,ITL,82
ITF2,Molise,F,Y_GE55,TOTAL,7
ITDA,Trentino Alto Adige / Südtirol,M,Y18-34,ITL,38
ITC3,Liguria,F,Y_GE55,TOTAL,373
ITC3,Liguria,M,Y18-34,ITL,185
ITF4,Puglia,T,Y_GE55,FRGAPO,110
ITF2,Molise,F,Y_GE55,FRGAPO,4
ITD1,Provincia Autonoma Bolzano / Bozen,T,Y18-34,ITL,28
ITC1,Piemonte,F,Y35-54,TOTAL,750
ITE3,Marche,T,Y_GE55,ITL,362
ITD4,Friuli-Venezia Giulia,M,Y35-54,TOTAL,361
ITG2,Sardegna,T,Y_GE55,FRGAPO,31
ITD5,Emilia-Romagna,T,Y_UN17,TOTAL,649
ITE3,Marche,F,Y_UN17,FRGAPO,9
ITC2,Valle d'Aosta / Vallée d'Aoste,F,Y_GE55,ITL,5
ITE1,Toscana,F,Y_GE55,FRGAPO,79
ITD4,Friuli-Venezia Giulia,T,Y_GE55,FRGAPO,45
ITC2,Valle d'Aosta / Vallée d'Aoste,F,Y35-54,FRGAPO,1
ITD5,Emilia-Romagna,M,Y35-54,FRGAPO,466
ITE2,Umbria,M,Y_GE55,TOTAL,107
